{"cameraMode":{"drawMode":0,"name":"Shaded","section":"Shading Mode"},"sceneLighting":true,"audioPlay":false,"sceneViewState":{"m_AlwaysRefresh":false,"showFog":true,"showSkybox":true,"showFlares":true,"showImageEffects":true,"showParticleSystems":true,"showVisualEffectGraphs":true,"m_FxEnabled":true},"in2DMode":false,"pivot":{"x":-55.38513946533203,"y":25.35648536682129,"z":-0.3305879831314087},"rotation":{"x":0.025284426286816598,"y":0.958296537399292,"z":-0.08967848867177963,"w":0.27017465233802798},"size":0.0005491920164786279,"orthographic":false}